1,place,,altitude,description,area_id,"2015-04-29 17:58:59.001536","2015-04-29 17:58:59.001536",Hyakumeizan,Ruby
2,"白馬岳",99a97836-1b97-4fe1-9020-5cb1997a777d.jpg,2932,"白馬岳は後立山連峰の北部に位置し、日本三大雪渓のひとつとして知られる全長3.5kmの白馬大雪渓があります。日本を代表する高山植物帯で、7月中旬から8月中旬の最盛期には数多くの可憐な花々が咲いています。また白馬鑓ヶ岳の中腹には白馬鑓温泉があり、白馬大池の北麓には蓮華温泉があります。登山口までＪＲ白馬駅からバスで20分弱。",2,"2015-04-29 17:58:59.011118","2015-06-06 16:55:24.061202",1,"しろうまだけ"
3,"鑓ヶ岳",861adfb0-dd80-49f2-bd66-b0572c0c5cf0.jpg,2903,"長野・富山県境、飛騨山脈北部、白馬岳の南に位置します。白馬岳・杓子岳と併せて「白馬三山」と称されています。",2,"2015-04-29 17:58:59.019572","2015-06-06 17:03:07.167225",0,"やりがたけ"
4,"鹿島槍ヶ岳",2a461c78-9d0f-4ed2-b063-f342617454c6.jpg,2889,"山頂は南峰と北峰からなる双耳峰で、吊尾根と呼ばれるなだらかな稜線で繋がっています。南峰までの登りには岩場は全くなく初心者向きです。山頂部は森林限界を越える高山帯で、チングルマ、トウヤクリンドウ、ハクサンフウロ等多くの高山植物が自生しています。ＪＲ信濃大町駅からタクシーで30分。",2,"2015-04-29 17:58:59.027749","2015-06-06 17:12:35.382134",1,"かしまやりがたけ"
5,"旭岳",a2ca917d-34d4-4e97-8a08-33970239d1ff.jpg,2867,"白馬岳のすぐ西方に位置しています。白馬岳から越中の祖母谷温泉に下る道がこの山の南山腹を走っていて、付近は高山植物で自生しています。柳又谷の源頭には氷河地形が見られます。",2,"2015-04-29 17:58:59.036522","2015-06-06 17:17:58.187417",0,"あさひだけ"
6,"針ノ木岳",bf4d1eb9-fd3a-4b10-9b36-c4983e325f9f.jpg,2821,"信濃大町駅の東北東10.4 kmに位置し、高瀬川の支流である篭川の上流部に日本三大雪渓の一つ「針ノ木大雪渓」があります。イワナシ、オオバキスミレ、キヌガサソウ、タテヤマウツボグサ、ヒメイチゲなどの植物が見られます。ＪＲ信濃大町駅からバスまたはタクシーで40分。",2,"2015-04-29 17:58:59.044949","2015-06-06 17:26:05.938572",0,"はりのきだけ"
7,"五竜岳",c0e2c376-e8e9-4ce6-9de7-c897077460da.jpg,2814,"鹿島槍ヶ岳と並んで、後立山連峰の主要峰の一つで、両山は丁度吊橋の支柱の様に日本三大キレットの一つである八峰キレットを挟む形で位置しています。コケ植物のナンジャモンジャゴケを始め、多くの高山植物が自生し、南斜面は白馬岳周辺の山域と共に白馬連山高山植物帯の特別天然記念物に指定されています。またイワヒバリ、カヤクグリ、コマドリなどの亜高山帯の鳥が生息しています。",2,"2015-04-29 17:58:59.052027","2015-06-06 17:55:48.666707",1,"ごりゅうだけ"
8,"蓮華岳",bda78558-be7c-465a-b910-98604a9df1db.jpg,2799,"山頂からは針ノ木岳から後立山連峰南部の山々やその後側には立山連峰から劔岳がそびえ立っています。山頂の西には若一王子神社の奥宮があり、付近の砂礫地の斜面には、コマクサ、アオノツガザクラなどの高山植物が自生しています。",2,"2015-04-29 17:58:59.059980","2015-06-06 17:50:35.238208",0,"れんげだけ"
9,"小蓮華山",d44be6ce-a84e-41aa-9891-853d93c11d04.jpg,2766,"新潟県と長野県の県境にまたがる山で、大日岳とも呼ばれる新潟県最高峰の山です。山頂には鉄剣と石仏があり、かつては信仰の対象となっていました。",2,"2015-04-29 17:58:59.068172","2015-06-06 17:55:17.225141",0,"これんげさん"
10,"唐松岳",cd4db5b3-dd43-4dab-8a62-63b3a55cffaa.jpg,2696,"八方アルペンライン（リフト）の利用により標高1800ｍ付近区まで上がることができ、そこから山頂までは難所もないため初級者向けです。また山頂から東に八方尾根が延びており、山頂を経由して南の五竜岳方面、白馬鑓ヶ岳方面の縦走路はいずれも岩場や鎖場が多く難易度は高めです。",2,"2015-04-29 17:58:59.076342","2015-06-06 18:03:50.767158",0,"からまつだけ"
11,"赤沢岳",180764ea-b1ab-48fe-b37b-c03d9d3ca5cb.jpg,2678,"剱岳とは直線距離にして最も近く、剱・立山連峰の眺望、間近に観察できる黒部別山の壁も迫力があります。岩小屋沢岳からスバリ岳にかけての連嶺は、2600～2700mの定高性をもち、東麓から仰ぐと屏風を立てたように見えるところから「屏風」とも呼ばれています。主稜線の縦走のみが唯一の登山道となります。",2,"2015-04-29 17:58:59.089289","2015-06-06 18:19:54.457511",0,"あかざわだけ"
12,"爺ヶ岳",1a8eddcf-d83c-4942-8e18-30c75b7ace87.jpg,2670,"北峰・本峰・南峰の3峰からなります。山頂部は森林限界の高山帯で、ハイマツやウサギギク、カライトソウが自生し、またニホンカモシカ、ホンドギツネ、ホンドテン等が生息します。",2,"2015-04-29 17:58:59.096371","2015-06-06 19:51:15.506417",0,"じいがたけ"
13,"鳴沢岳",b70361a4-e13a-4733-9faf-3f2ea4b67aae.jpg,2641,"長野県大町市と富山県中新川郡立山町にまたがり、中部山岳国立公園内にあります。山頂は三角点がない標高点で森林限界を越える高山帯のハイマツが自生し、立山や黒部湖などの360度の展望があります。夏期には、登山道脇に高山植物が多く見られます。",2,"2015-04-29 17:58:59.104644","2015-06-07 07:46:27.429530",0,"なるさわだけ"
14,"岩小屋沢岳",ed727070-ee4f-4721-a13f-7d18e66fa0e5.jpg,2630,"爺ヶ岳から針ノ木岳に連なる通称「屏風」の一峰です。新越岳から稜線を約１５分進んだ所に位置します。",2,"2015-04-29 17:58:59.111971","2015-06-07 07:54:45.253831",0,"いわごやざわだけ"
15,"烏帽子岳",0d3a211c-3700-455e-8f4f-d788d73ff404.jpg,2628,"頂上部にオベリスク（縦長の柱状の岩）がある特徴的な山容を持ちます。北の南沢岳との鞍部は広々したハイマツと草原になっています。高瀬ダムからの登路であるブナ立尾根は赤石山脈甲斐駒ヶ岳への黒戸尾根、上越・谷川岳への西黒尾根とあわせて""日本""三大急登といわています。",2,"2015-04-29 17:58:59.119980","2015-06-07 08:03:02.215717",0,"えぼしだけ"
16,"雪倉岳",86960426-2618-47c2-a428-e931403f4ed2.JPG,2611,"越中、越後に大きく根を張り、おおらかな山体を横たえる雪倉岳は、広いザクの山頂となっています。朝日岳と白馬岳との中間に位置し、縦走の経由地として通過されることが多いですが、高山植物が非常に豊富で登山者も少ないため静かな山歩きが楽しめます。",2,"2015-04-29 17:58:59.128435","2015-06-07 08:09:26.757761",0,"ゆきくらだけ"
17,"不動岳",b795aac6-8ec1-4bce-be28-fdf0b6b5e6c9.jpg,2601,"黒法師岳から尾根続きの北方に位置し、山頂は樹林もなく360度の大展望が楽しめます。山頂の30分手前にある鹿ノ平は広々とした草原になっています。",2,"2015-04-29 17:58:59.139747","2015-06-07 08:14:30.059807",0,"ふどうがたけ"
18,"北葛岳",c6c0341a-8cc5-46a0-9900-090282795f1f.jpg,2551,"蓮華岳と七倉岳の間に位置し、登山者は少なく静かな山歩きができます。雷鳥も多く生息しています。",2,"2015-04-29 17:58:59.148023","2015-06-07 08:19:00.171986",0,"きたくずだけ"
19,"船窪岳",676a9273-7bf6-4cb2-8b06-a8064cea547a.jpg,2459,"長野県と富山県の県境に位置し、後立山方面から裏銀座方面へと縦走する際に通る山です。登山口は、長野県大町市にある七倉温泉になります。船窪岳の最寄りの船窪小屋は「ランプの山小屋」として有名です。",2,"2015-04-29 17:58:59.156803","2015-06-07 08:26:52.123980",0,"ふなくぼだけ"
20,"朝日岳",8bdb585f-794e-40c1-b689-51988dec362a.jpg,2418,"中部山岳国立公園内の北アルプスの最北部に位置し、日本国内では朝日岳より北にこれより高い山はありません。積雪量が多く、山頂付近には夏でも雪渓が残ります。山頂は平坦で豊富な高山植物が見られ、北山腹には谷の源流をモレーンが堰止めた朝日池があります。",2,"2015-04-29 17:58:59.164094","2015-06-07 08:33:01.308825",0,"あさひだけ"
21,"奥鐘山",587518ae-8b01-4729-a5f9-2a54ffa31a38.jpg,1543,"後立山連峰の唐松岳から続く尾根上にあります。頂上に達する登山道はありませんが、祖母谷温泉から唐松岳登山道を登り、奥鐘山東面の尾根に取り付いてヤブをこぐと達します。日本屈指の大岩壁で、鉄道の終点欅平駅から2時間で岩壁の基部に達することができます。",2,"2015-04-29 17:58:59.172361","2015-06-07 08:42:37.694762",0,"おくかねやま"
22,"立山",4e8e4414-088b-4a1c-92a3-0d6dabe70cd9.jpg,3105,"雄山、大汝山、富士ノ折立の3つの峰の総称で、日本の山岳信仰の山として日本三霊山の一つです。標高2,450 mの室堂までバスで行くことができます。室堂周辺などでは雪解けと共にタテヤマリンドウ、タテヤマウツボグサ、タテヤマアザミ、タテヤマキンバイ、タテヤマオウギ等多くの高山植物の開花が見られます。",2,"2015-04-29 17:58:59.180950","2015-06-07 08:56:36.290918",1,"たてやま"
23,"剱岳",3de92b72-3113-4786-b3e3-3378c141c8a5.jpg,2999,"日本国内で「一般登山者が登る山のうちでは危険度の最も高い山」とされています。岩稜伝いのカニのヨコバイ・カニのタテバイと呼ばれる鎖場があります。山の上部は森林限界のハイマツ帯でライチョウの生息地になっており、またアオノツガザクラやハクサンイチゲなどの高山植物が自生しています。",2,"2015-04-29 17:58:59.188349","2015-06-07 09:08:04.174055",1,"つるぎだけ"
24,"薬師岳",8ad01b5f-2e73-44fb-a446-6b0a1c610aa4.JPG,2926,"under construction...",2,"2015-04-29 17:58:59.196123","2015-06-01 16:45:58.976757",1,"やくしだけ"
25,"別山",593ab09a-8b0a-4fd8-b968-673d6370a269.jpg,2880,"under construction...",2,"2015-04-29 17:58:59.203984","2015-06-01 16:48:22.933898",0,""
26,"龍王岳",3818a5f7-032b-409d-94cf-a889a9c870c0.jpg,2872,"under construction...",2,"2015-04-29 17:58:59.212044","2015-06-01 16:49:05.620518",0,""
27,"真砂岳",5190fe7d-3812-4d6e-abbe-cf013b1f6009.jpg,2861,"under construction...",2,"2015-04-29 17:58:59.220358","2015-06-01 16:51:28.496315",0,""
28,"奥大日岳",239db54d-82bb-4d89-84cd-6067db413d56.jpg,2611,"under construction...",2,"2015-04-29 17:58:59.228895","2015-06-01 16:57:01.321334",0,"おくだいにちだけ"
29,"越中沢岳",fdc9bd87-9b39-4463-8955-4ba00ed6f804.jpg,2592,"under construction...",2,"2015-04-29 17:58:59.236304","2015-06-01 16:57:37.716628",0,""
30,"大日岳",78474a84-b2c6-44ce-a8d1-281defe2cee9.jpg,2501,"under construction...",2,"2015-04-29 17:58:59.244666","2015-06-01 16:58:48.951802",0,""
31,"毛勝山",30f837ac-399c-4c02-affb-fce7baff1420.JPG,2415,"under construction...",2,"2015-04-29 17:58:59.253054","2015-06-01 17:00:13.026537",0,"けかちやま"
32,"猫又山",f39d8877-cfc2-49fd-844b-535730dc92ca.JPG,2378,"under construction...",2,"2015-04-29 17:58:59.262096","2015-06-01 17:02:38.201589",0,""
33,"僧ヶ岳",f394945f-be1a-4277-bc6b-95a2f78c482f.jpg,1855,"under construction...",2,"2015-04-29 17:58:59.270711","2015-06-01 17:04:32.606015",0,""
34,"大天井岳",572c2820-35d9-412b-a403-9d0ba3137a4b.jpg,2922,"under construction...",3,"2015-04-29 17:58:59.279404","2015-06-02 15:45:59.469587",0,"おてんしょうだけ"
35,"常念岳",ae850a5b-86b9-494a-b41a-be91921b07df.jpg,2857,"under construction...",3,"2015-04-29 17:58:59.291312","2015-06-02 15:47:40.646540",1,"じょうねんだけ"
36,"東天井岳",7f5b340c-f9d6-44ff-ac54-9b5f603d102f.jpg,2814,"under construction...",3,"2015-04-29 17:58:59.301202","2015-06-02 15:48:30.608680",0,""
37,"横通岳",04ce7888-9aa3-47ed-9efa-6901dc16bbbd.jpg,2767,"under construction...",3,"2015-04-29 17:58:59.309188","2015-06-02 15:49:47.782773",0,""
38,"燕岳",291f9745-ea8f-4365-a37e-a60796184f79.jpg,2763,"under construction...",3,"2015-04-29 17:58:59.316595","2015-06-02 15:51:16.900450",0,"つばくろだけ"
39,"蝶ヶ岳",01b2aafc-f189-4908-ac7d-e96c1f57c4c0.jpg,2677,"under construction...",3,"2015-04-29 17:58:59.324686","2015-06-02 15:54:09.274147",0,"ちょうがたけ"
40,"餓鬼岳",7f9f406b-4bbc-4425-9039-c55a5ec16b39.jpg,2647,"under construction...",3,"2015-04-29 17:58:59.332229","2015-06-02 15:56:10.944907",0,"がきだけ"
41,"霞沢岳",b9240ea6-4682-4e5f-bd28-f6196e3bf62e.jpg,2646,"under construction...",3,"2015-04-29 17:58:59.345510","2015-06-02 15:57:52.904320",0,"かすみざわだけ"
42,"唐沢岳",641b4737-4467-4373-bd0b-750de32bdefb.jpg,2633,"under construction...",3,"2015-04-29 17:58:59.352642","2015-06-02 15:58:53.884988",0,""
43,"大滝山",cbfc2bef-44a1-4c64-b9a4-b42cc3f0c84b.jpg,2616,"under construction...",3,"2015-04-29 17:58:59.359707","2015-06-02 16:01:53.671540",0,""
44,"奥穂高岳",e275e11a-9294-4670-b3af-78f5cb0f3196.jpg,3190,"under construction...",3,"2015-04-29 17:58:59.368341","2015-05-23 04:03:03.641268",0,"ほたかだけ"
45,"槍ヶ岳",25bc164f-d8e3-4efd-9848-daa387526505.jpg,3180,"under construction...",3,"2015-04-29 17:58:59.376978","2015-06-02 16:03:18.256208",1,"やりがたけ"
46,"涸沢岳",414c2540-62ca-44b0-8a59-173572a5a169.jpg,3110,"under construction...",3,"2015-04-29 17:58:59.383991","2015-05-23 04:06:48.122279",0,"ほたかだけ"
47,"北穂高岳",8b889948-2f6e-470e-97f7-f5f7f8de5ec6.jpg,3106,"under construction...",3,"2015-04-29 17:58:59.392123","2015-06-02 16:05:07.598449",0,""
48,"大喰岳",bba43b72-b681-4bd4-9a25-660b14c8b86f.jpg,3101,"under construction...",3,"2015-04-29 17:58:59.400688","2015-06-02 16:06:24.781768",0,""
49,"前穂高岳",1b9aba03-921d-4fe7-bdcd-67db2407418a.jpg,3090,"under construction...",3,"2015-04-29 17:58:59.407913","2015-06-02 16:10:56.140587",0,""
50,"中岳",9e1dd10b-af45-4ee4-bc56-3f13a50dc2b2.jpg,3084,"under construction...",3,"2015-04-29 17:58:59.415967","2015-06-02 16:12:04.933355",0,""
51,"南岳",8b3b83b2-37b6-4b59-b09c-d74a9ce31180.jpg,3033,"under construction...",3,"2015-04-29 17:58:59.423803","2015-06-02 16:12:41.996401",0,""
52,"西穂高岳",5ca5cafc-3794-4cfc-b0e6-75347f3d48ae.jpg,2909,"under construction...",3,"2015-04-29 17:58:59.431760","2015-06-02 16:14:47.389366",0,""
53,"焼岳",12a21830-8492-49f9-a694-94c594a137f8.jpg,2455,"under construction...",3,"2015-04-29 17:58:59.440467","2015-06-02 16:16:15.643685",1,"やけだけ"
54,"上高地",992ac7fc-dd95-4e8c-821d-0380edad2d5c.jpg,-,"under construction...",3,"2015-04-29 17:58:59.448497","2015-05-23 04:00:24.788691",0,""
55,"木曽駒ヶ岳",01a014d5-4619-4daa-b982-3990caabba6a.JPG,2956,"under construction...",4,"2015-04-29 17:58:59.456203","2015-06-02 16:20:59.391016",0,""
56,"宝剣岳",e190320f-884c-4263-8c8c-f5b69808d0c8.jpg,2931,"under construction...",4,"2015-04-29 17:58:59.464110","2015-06-02 16:34:47.638735",0,""
57,"空木岳",24a74643-de0e-4325-bca3-bfd8762ea537.jpg,2864,"under construction...",4,"2015-04-29 17:58:59.472096","2015-06-02 16:26:21.492105",1,"うつぎだけ"
58,"三ノ沢岳",4e85797d-aa54-4107-87d7-e53f9564ef4f.JPG,2847,"under construction...",4,"2015-04-29 17:58:59.480122","2015-06-02 16:28:26.700212",0,""
59,"南駒ヶ岳",23420a79-b8ee-4289-bf98-169da25cc34a.jpg,2841,"under construction...",4,"2015-04-29 17:58:59.488125","2015-06-02 16:29:27.919797",0,""
60,"熊沢岳",acc5f521-369f-48ed-aabe-4925b3d89f7e.jpg,2778,"under construction...",4,"2015-04-29 17:58:59.499384","2015-06-02 16:30:22.584459",0,""
61,"仙涯嶺",8c898b7a-45b6-4eef-9dbc-b18472c5277b.jpg,2734,"under construction...",4,"2015-04-29 17:58:59.508993","2015-06-02 16:31:03.639103",0,""
62,"麦草岳",7bde4825-6b6a-45e7-acca-d89ccc4d628c.JPG,2733,"under construction...",4,"2015-04-29 17:58:59.517235","2015-06-02 16:32:07.745598",0,""
63,"将棊頭山",8cae01e0-4047-4b81-86f0-c91baba182a3.jpg,2730,"under construction...",4,"2015-04-29 17:58:59.524287","2015-06-02 16:32:56.260641",0,""
64,"檜尾岳",65142f88-212c-446c-9cdb-64e3d1efec3e.jpg,2728,"under construction...",4,"2015-04-29 17:58:59.532074","2015-06-02 16:33:57.920200",0,""
65,"東川岳",957c9d76-032f-454e-b58c-ec0ba123e102.jpg,2671,"under construction...",4,"2015-04-29 17:58:59.540121","2015-06-02 16:36:07.993469",0,""
66,"越百山",73a7b3a3-c68f-4c30-80c2-ca8430f82918.jpg,2614,"under construction...",4,"2015-04-29 17:58:59.551828","2015-06-02 16:37:56.581694",0,"こすもやま"
67,"大棚入山",6971dbd2-98df-4130-9d0e-5a781284b859.JPG,2375,"under construction...",4,"2015-04-29 17:58:59.560042","2015-06-02 16:39:57.509959",0,""
68,"安平路山",83df7da4-54a6-4584-9f92-e8763b25d219.jpg,2363,"under construction...",4,"2015-04-29 17:58:59.568013","2015-06-02 16:42:38.349145",0,"あんぺいじやま"
69,"経ヶ岳",7f267f88-228f-48f7-94f8-893f08586bc1.JPG,2296,"under construction...",4,"2015-04-29 17:58:59.576228","2015-06-02 16:44:22.373853",0,""
70,"恵那山",618a2cd0-2ed3-4b46-b10e-7e9d88b57a3e.JPG,2191,"under construction...",4,"2015-04-29 17:58:59.584175","2015-06-02 16:44:56.501226",1,"えなさん"
71,"摺古木山",a3cbccaf-e243-4760-86a6-dd73b94ecc6c.jpg,2169,"under construction...",4,"2015-04-29 17:58:59.592280","2015-06-02 16:46:02.854416",0,""
72,"権現山",6cd04461-6090-4513-80f6-c9f98c49731d.jpg,1749,"under construction...",4,"2015-04-29 17:58:59.600393","2015-06-02 16:49:06.913992",0,""
73,"南木曽岳",4bc9bc8a-54a4-4eac-a3f8-9ce5da184050.jpg,1679,"under construction...",4,"2015-04-29 17:58:59.608675","2015-06-02 16:50:43.094865",0,"なぎそだけ"
74,"風越山",510e9dba-41b5-4e9d-a9ff-29337065ec17.jpg,1535,"under construction...",4,"2015-04-29 17:58:59.615990","2015-06-02 16:59:24.337727",0,""
75,"北岳",8a782f58-7631-4f62-9bd4-a7d6ce79789f.JPG,3193,"under construction...",5,"2015-04-29 17:58:59.624238","2015-06-03 16:09:58.888920",1,"きただけ"
76,"間ノ岳",5ae41878-115e-4f9a-a54c-96814bf6e7f4.jpg,3190,"under construction...",5,"2015-04-29 17:58:59.632609","2015-06-03 16:12:30.605351",1,"あいのだけ"
77,"東岳(悪沢岳)",558dce76-f742-4e07-b254-d35af9f7d78f.jpg,3141,"under construction...",5,"2015-04-29 17:58:59.639953","2015-06-03 16:18:34.662754",0,""
78,"塩見岳",b6e59249-a801-4546-bd03-6e43c92e0f51.jpg,3052,"under construction...",5,"2015-04-29 17:58:59.648228","2015-06-03 16:25:01.744181",1,"しおみだけ"
79,"西農鳥岳",f39b6506-7397-4f8c-aa32-fc279e6b39ed.jpg,3051,"under construction...",5,"2015-04-29 17:58:59.656424","2015-06-03 16:25:56.861209",0,""
80,"仙丈ヶ岳",862c211d-a067-418c-a2a7-a53de95c8eff.JPG,3033,"under construction...",5,"2015-04-29 17:58:59.664621","2015-05-09 06:40:00.255174",0,""
81,"農鳥岳",e96ad2ef-e5ca-4c0d-a4a1-06dac6ae34a0.jpg,3026,"under construction...",5,"2015-04-29 17:58:59.671681","2015-06-03 16:26:42.964221",0,"のうとりだけ"
82,"甲斐駒ヶ岳",d2088ef6-421a-4d4c-b24a-53950583f1cd.JPG,2966,"under construction...",5,"2015-04-29 17:58:59.680173","2015-05-09 06:38:48.860011",0,""
83,"広河内岳",3787ecde-10f1-4e78-931a-4567ebd5049f.jpg,2895,"under construction...",5,"2015-04-29 17:58:59.688587","2015-06-03 16:31:07.752176",0,""
84,"蝙蝠岳",e88d8ee6-9382-4fbe-ae2f-64b005aa9678.jpg,2865,"under construction...",5,"2015-04-29 17:58:59.696020","2015-06-03 16:31:44.306612",0,""
85,"鳳凰山",42aca1a6-c644-4148-a6b5-575ec38df0e9.JPG,2841,"under construction...",5,"2015-04-29 17:58:59.708701","2015-06-03 16:34:04.817224",1,"ほうおうさん"
86,"小河内岳",8b41cb52-50d9-4203-8c39-1b8058e8b6d0.jpg,2802,"under construction...",5,"2015-04-29 17:58:59.716065","2015-06-03 16:35:20.969231",0,""
87,"アサヨ峰",12d6b901-000a-45a2-84ce-d5fbe99acf4e.jpg,2799,"under construction...",5,"2015-04-29 17:58:59.724372","2015-06-03 16:37:29.884486",0,"－－－みね"
88,"薬師岳",2b97b18f-f44e-47f6-831b-1df590f0c571.JPG,2780,"under construction...",5,"2015-04-29 17:58:59.732657","2015-06-03 16:38:57.734054",1,"やくしだけ"
89,"地蔵ヶ岳",05d50cbb-6249-463d-abc0-b9fd226f23fe.jpg,2764,"under construction...",5,"2015-04-29 17:58:59.741521","2015-06-03 16:39:46.158815",0,""
90,"駒津峰",30d75616-d386-4de3-a845-a90f0d75ee51.jpg,2752,"under construction...",5,"2015-04-29 17:58:59.751816","2015-06-03 16:41:12.248056",0,""
91,"烏帽子岳",1a93e031-6495-4e9f-89f5-b3f3c0e7bd7c.jpg,2726,"under construction...",5,"2015-04-29 17:58:59.759934","2015-06-03 16:42:00.508618",0,"えぼしだけ"
92,"小太郎山",,2725,"under construction...",5,"2015-04-29 17:58:59.768076","2015-04-29 17:58:59.768076",0,
93,"栗沢山",,2714,"under construction...",5,"2015-04-29 17:58:59.775871","2015-04-29 17:58:59.775871",0,
94,"北荒川岳",4b060f6a-ef1e-47d2-aec0-ef67e28ae489.jpg,2698,"under construction...",5,"2015-04-29 17:58:59.783870","2015-06-03 16:53:46.445672",0,""
95,"安倍荒倉岳",,2693,"under construction...",5,"2015-04-29 17:58:59.792092","2015-04-29 17:58:59.792092",0,
96,"鋸岳",b7a03a72-6c42-46bd-8b13-6bb8acd31cde.JPG,2685,"under construction...",5,"2015-04-29 17:58:59.800360","2015-06-03 16:55:34.356621",0,"のこぎりだけ"
97,"新蛇抜山　",cb96b510-c82a-4042-a48e-e42b4166934e.jpg,2667,"under construction...",5,"2015-04-29 17:58:59.808708","2015-06-03 16:56:05.008628",0,""
98,"双児山",,2649,"under construction...",5,"2015-04-29 17:58:59.816808","2015-04-29 17:58:59.816808",0,
99,"板屋岳",,2646,"under construction...",5,"2015-04-29 17:58:59.824303","2015-04-29 17:58:59.824303",0,
100,"徳右衛門岳",,2599,"under construction...",5,"2015-04-29 17:58:59.833025","2015-04-29 17:58:59.833025",0,
101,"辻山",,2585,"under construction...",5,"2015-04-29 17:58:59.840461","2015-04-29 17:58:59.840461",0,
102,"伊那荒倉岳",8f5b2c55-669a-402f-9d56-ef6a7343d6ff.jpg,2519,"under construction...",5,"2015-04-29 17:58:59.848898","2015-06-03 17:01:22.798243",0,""
103,"東岳",,3141,"under construction...",6,"2015-04-29 17:58:59.856288","2015-04-29 17:58:59.856288",0,
104,"赤石岳",b2d4c262-a6d1-4558-bfc9-6109a5deb9f7.jpg,3121,"under construction...",6,"2015-04-29 17:58:59.864686","2015-06-04 15:52:54.473256",1,"あかいしだけ"
105,"中岳",caf7f342-ab26-4215-86ce-9af2cdb20f18.jpg,3084,"under construction...",6,"2015-04-29 17:58:59.871885","2015-06-04 15:54:07.044271",0,""
106,"前岳",c6e08510-f35a-4406-a903-0e5a2cc71224.jpg,3068,"under construction...",6,"2015-04-29 17:58:59.880110","2015-06-04 15:57:11.028275",0,""
107,"聖岳",0e49b165-5665-4c36-8dc8-80aa1eb7befe.jpg,3013,"under construction...",6,"2015-04-29 17:58:59.888744","2015-06-04 15:59:01.208218",1,"ひじりだけ"
108,"千枚岳",f6427333-34f1-4b28-aee0-4702e383c9df.jpg,2880,"under construction...",6,"2015-04-29 17:58:59.896269","2015-06-04 16:03:25.884825",0,""
109,"大沢岳",a02cf318-9f73-4913-b5bd-53eb370083d8.JPG,2820,"under construction...",6,"2015-04-29 17:58:59.904724","2015-06-04 16:05:00.320489",0,""
110,"兎岳",0e402312-11cb-4c67-828c-fd4199febad4.jpg,2818,"under construction...",6,"2015-04-29 17:58:59.917550","2015-06-04 16:06:03.515411",0,""
111,"上河内岳",6d5ce24b-9862-4e9d-bb6c-5ce7c773ad78.jpg,2803,"under construction...",6,"2015-04-29 17:58:59.925007","2015-06-04 16:06:44.311955",0,"かみこうちだけ"
112,"笊ヶ岳",72773c35-0a2c-4969-948c-7f708810ff11.jpg,2629,"under construction...",6,"2015-04-29 17:58:59.932413","2015-06-04 16:10:09.144435",0,""
113,"茶臼岳",87c3ce7b-a03e-4f8f-89fd-28ff2a0169ba.jpg,2604,"under construction...",6,"2015-04-29 17:58:59.940549","2015-06-04 16:08:38.609884",0,"ちゃうすだけ"
114,"光岳",3d09ad58-c64b-4c55-9f7a-6b4c868801c3.jpg,2592,"under construction...",6,"2015-04-29 17:58:59.948180","2015-06-04 16:11:34.653458",1,"てかりだけ"
115,"布引山",27194480-561a-462d-a331-eefc643c4b47.jpg,2584,"under construction...",6,"2015-04-29 17:58:59.960949","2015-06-04 16:13:09.814526",0,""
116,"仁田岳",,2524,"under construction...",6,"2015-04-29 17:58:59.969449","2015-04-29 17:58:59.969449",0,
117,"青薙山",,2406,"under construction...",6,"2015-04-29 17:58:59.976976","2015-04-29 17:58:59.976976",0,
118,"池口岳",2c462c33-ebf7-43c2-a8e7-c9a00f0c0110.jpg,2392,"under construction...",6,"2015-04-29 17:58:59.984135","2015-06-04 16:17:08.356980",0,"いけくちだけ"
119,"大無間山",b5603d87-1a88-44e2-b7b2-29a7ac39c3fe.jpg,2330,"under construction...",6,"2015-04-29 17:58:59.992377","2015-06-04 16:18:39.196131",0,"だいむげんざん"
120,"富士山",8f158ed2-a11c-427e-96d4-8c7a46d01ea3.jpg,3776,"under construction...",7,"2015-04-29 17:59:00.001193","2015-05-23 04:12:06.029027",1,"ふじさん"
121,"毛無山",5bbeac2a-8fc3-4ff3-9873-f210962b988f.jpg,1946,"under construction...",7,"2015-04-29 17:59:00.008988","2015-05-23 04:26:29.002668",0,"けなしやま"
122,"天子ヶ岳",,1330,"under construction...",7,"2015-04-29 17:59:00.020967","2015-04-29 17:59:00.020967",0,
123,"赤岳",c1a7c337-637f-4352-8365-0182e3ecf89c.JPG,2899,"under construction...",8,"2015-04-29 17:59:00.032787","2015-05-10 02:58:33.286984",0,""
124,"横岳",ebc7632c-fba2-4d3f-aa78-7133703b1a53.JPG,2829,"under construction...",8,"2015-04-29 17:59:00.040150","2015-06-06 07:36:18.502627",0,""
125,"阿弥陀岳",ccdd047c-a74b-436b-b48b-ac39b6e44292.JPG,2805,"under construction...",8,"2015-04-29 17:59:00.048518","2015-05-10 03:00:29.487388",0,""
126,"硫黄岳",ebbdcde9-6bd5-4444-9d32-221f583a4f9d.jpg,2760,"under construction...",8,"2015-04-29 17:59:00.056561","2015-06-06 07:37:43.432436",0,""
127,"権現岳",1fe5086e-63d3-4a4c-a83c-c885aae3de30.JPG,2715,"under construction...",8,"2015-04-29 17:59:00.064578","2015-06-06 07:40:58.681568",0,""
128,"天狗岳",9bf7159e-a06a-4a78-87e2-57350fd4d99f.jpg,2646,"under construction...",8,"2015-04-29 17:59:00.072582","2015-06-06 07:42:32.536538",0,"てんぐだけ"
129,"峰の松目",d0984292-5c84-41b5-aec9-01e475d3424f.jpg,2568,"under construction...",8,"2015-04-29 17:59:00.079574","2015-06-06 07:43:54.639820",0,""
130,"蓼科山",ce68eb13-aab6-4594-aff6-52b652e61a99.JPG,2531,"under construction...",8,"2015-04-29 17:59:00.088496","2015-06-06 07:46:09.929940",1,"たてしなやま"
131,"編笠山",bb078854-9dd3-4663-a2d3-861fb91e9ca0.jpg,2524,"under construction...",8,"2015-04-29 17:59:00.097058","2015-06-06 07:47:10.132047",0,""
132,"北横岳",df4e2455-e9a4-411d-9f5f-094263487cd4.JPG,2480,"under construction...",8,"2015-04-29 17:59:00.104308","2015-05-10 03:05:18.348152",0,""
133,"縞枯山",5cffd3b6-9f02-4b09-ba1c-678dd83667f1.JPG,2403,"under construction...",8,"2015-04-29 17:59:00.112458","2015-06-06 07:48:05.843653",0,""
134,"西岳",8316a8d4-37bf-4635-afaa-ab6b07157bc0.JPG,2398,"under construction...",8,"2015-04-29 17:59:00.124546","2015-06-06 07:51:37.358565",0,""
135,"美ヶ原",eab3e552-b28c-4a0d-a297-f80b293b05ba.jpg,-,"under construction...",8,"2015-04-29 17:59:00.132754","2015-06-06 07:53:49.789326",1,""
136,"霧ヶ峰",35f6a34b-dc8d-46ce-926a-283e540b4ef4.JPG,-,"under construction...",8,"2015-04-29 17:59:00.139883","2015-05-10 03:03:21.833277",1,""
137,"白樺湖",e251efac-e23b-4434-9bea-a6cf4f1c3e78.jpg,-,"under construction...",8,"2015-04-29 17:59:00.148124","2015-06-06 07:55:39.279082",0,""
138,"車山高原",9e7f8a75-0ad8-4431-ab0c-3d5952e659f8.jpg,-,"under construction...",8,"2015-04-29 17:59:00.156783","2015-06-06 07:57:20.406244",0,""
139,"金峰山",e2a7a684-3459-4819-9724-bfa650ecddf5.JPG,2599,"under construction...",9,"2015-04-29 17:59:00.168151","2015-05-10 02:48:05.356051",1,"きんぷさん"
140,"国師ヶ岳",08a72578-bfbb-4ab2-bd87-0a4c9d1b60c2.jpg,2592,"under construction...",9,"2015-04-29 17:59:00.176427","2015-06-06 08:00:14.741432",0,""
141,"甲武信ヶ岳",11862c35-f989-48b8-8453-45da1db364ce.jpg,2475,"under construction...",9,"2015-04-29 17:59:00.184716","2015-06-06 08:01:06.602458",0,""
142,"小川山",232ed6c2-1362-461c-8588-1e0e42e93c74.jpg,2418,"under construction...",9,"2015-04-29 17:59:00.191976","2015-06-06 08:04:36.141112",0,""
143,"瑞牆山",c665ddeb-4e87-4682-97f4-30916434ffc9.JPG,2230,"under construction...",9,"2015-04-29 17:59:00.200139","2015-05-10 02:45:43.758539",1,"みずがきやま"
144,"唐松尾山",,2109,"under construction...",9,"2015-04-29 17:59:00.208109","2015-04-29 17:59:00.208109",0,
145,"白石山",9ce1fec2-f4b0-4975-8dda-3412d3c08f88.jpg,2036,"under construction...",9,"2015-04-29 17:59:00.216467","2015-06-06 09:12:28.414378",0,"しろいしやま"
146,"乾徳山",fc12f567-f2bb-44f8-841a-991fccdef08a.JPG,2031,"under construction...",9,"2015-04-29 17:59:00.224751","2015-05-10 02:51:52.059624",0,"けんとくさん"
147,"妙法ヶ岳",,1332,"under construction...",9,"2015-04-29 17:59:00.231597","2015-04-29 17:59:00.231597",0,
148,"飛竜山",2b2e806b-facb-42f0-a2a9-1ca8b96fc80c.JPG,2077,"under construction...",9,"2015-04-29 17:59:00.240038","2015-06-06 12:11:04.003807",0,""
149,"三宝山",fc0af8fc-0ffc-456d-9d20-30434c8fab7d.jpg,2483,"under construction...",9,"2015-04-29 17:59:00.248268","2015-06-06 12:11:46.788990",0,""
150,"三峰山（妙法が岳）",,1329,"under construction...",9,"2015-04-29 17:59:00.256754","2015-04-29 17:59:00.256754",0,
151,"雲取山",f955fde6-28a1-4e8c-a8cb-506211e1ce59.jpg,2017,"under construction...",10,"2015-04-29 17:59:00.263572","2015-05-23 04:15:25.305051",1,"くもとりやま"
152,"棒ノ折山",73d526a0-a417-4dee-8505-6f12aa9bbf5f.JPG,969,"under construction...",10,"2015-04-29 17:59:00.271829","2015-06-06 12:15:33.100768",0,""
153,"川苔山",52ac14a2-513f-41a1-adfe-a36f2da9fdf6.jpg,1363,"under construction...",10,"2015-04-29 17:59:00.279959","2015-06-06 12:16:51.029892",0,""
154,"蕎麦粒山",9dd12044-227a-45f3-931e-8cd03da776a2.jpg,1493,"under construction...",10,"2015-04-29 17:59:00.287938","2015-06-06 12:18:42.923491",0,""
155,"鷹ノ巣山",c76e8b56-8199-4ff2-8394-bedd83fa852b.JPG,1736,"under construction...",10,"2015-04-29 17:59:00.296317","2015-06-06 12:20:25.557516",0,""
156,"三頭山",2fd1cd9e-9559-4713-a77f-6be915741c0e.jpg,1528,"under construction...",10,"2015-04-29 17:59:00.304061","2015-06-06 12:22:40.804668",0,"みとうさん"
157,"御岳山",c763aad1-e4a6-430d-9b8d-96481debf68a.JPG,929,"under construction...",10,"2015-04-29 17:59:00.312254","2015-06-06 12:24:44.633934",0,""
158,"大岳山",,1267,"under construction...",10,"2015-04-29 17:59:00.323507","2015-04-29 17:59:00.323507",0,"おおだけさん"
159,"御前山",6a5e204e-343f-4790-87b9-c4460be8214e.JPG,1405,"under construction...",10,"2015-04-29 17:59:00.336445","2015-06-06 12:31:10.177678",0,""
160,"高尾山",39bc4f30-f6d9-4b36-90b7-b58794af2740.jpg,599,"under construction...",10,"2015-04-29 17:59:00.345080","2015-06-06 12:34:02.461657",0,""
161,"陣馬山",e6769c45-0aa7-4ec6-8399-3c3b9804cea3.JPG,855,"under construction...",10,"2015-04-29 17:59:00.352686","2015-05-10 02:38:07.666838",0,""
162,"伊豆ヶ岳",fc360c1f-ecf5-44d3-8d55-f82a92b78381.JPG,851,"under construction...",11,"2015-04-29 17:59:00.360143","2015-05-10 02:36:24.089629",0,""
163,"天覧山",21fc6a47-41d9-43d7-b51b-52b84e16aee7.jpg,197,"under construction...",11,"2015-04-29 17:59:00.370292","2015-06-06 12:44:12.198493",0,""
164,"堂平山",fe85e899-4d99-461d-829b-bfb040f40862.JPG,876,"under construction...",11,"2015-04-29 17:59:00.378815","2015-06-06 12:45:24.567853",0,""
165,"武甲山",7a9d500d-930e-4b21-96b0-d2a808a5ff52.jpg,1304,"標高1304m、秩父のシンボルといえる勇壮な山。石灰石採掘のため山肌が広範囲に削られているが、山頂からの展望がよく、山頂付近は植物の宝庫。ニリンソウやカタクリ等が自生する。
",11,"2015-04-29 17:59:00.387165","2015-05-23 05:15:48.650057",0,"ぶこうさん"
166,"熊倉山",c34a821f-6c11-4ab0-9168-a6ce19149b17.jpg,1427,"under construction...",11,"2015-04-29 17:59:00.395425","2015-06-06 12:46:32.638979",0,""
167,"蕨山",,1044,"under construction...",11,"2015-04-29 17:59:00.403841","2015-04-29 17:59:00.403841",0,
168,"宝登山",aa4bb1d3-3593-4ffa-a51f-2e758d01a54e.jpg,497,"under construction...",11,"2015-04-29 17:59:00.412092","2015-06-06 12:50:06.947603",0,""
169,"両神山",,1723,"under construction...",11,"2015-04-29 17:59:00.420063","2015-04-29 17:59:00.420063",1,"りょうがみやま"
170,"蛭ヶ岳",b722d001-4d4c-4b5f-8938-a8a098cfcdb8.JPG,1673,"under construction...",12,"2015-04-29 17:59:00.428368","2015-05-10 02:19:39.573124",0,""
171,"檜洞丸",33737d0b-98a5-40e5-80d8-ca4a9b6e64b3.jpg,1601,"under construction...",12,"2015-04-29 17:59:00.436589","2015-06-06 13:00:53.902391",0,""
172,"大室山",9069c77d-704c-43a2-ae22-a21faaf5c818.jpg,1587,"under construction...",12,"2015-04-29 17:59:00.443833","2015-06-06 13:02:51.672476",0,""
173,"丹沢山",5ec4dad7-90b8-494f-8f80-decd4a87bc23.JPG,1567,"under construction...",12,"2015-04-29 17:59:00.494782","2015-06-06 13:04:00.269592",0,""
174,"塔ノ岳",4e8ed12c-f545-4a43-8085-4e0c7ac08a40.JPG,1491,"under construction...",12,"2015-04-29 17:59:00.503439","2015-05-10 02:23:32.867758",0,"とうのだけ"
175,"菰釣山",95c120a6-0ee9-4384-8c70-10f255e925dd.JPG,1379,"under construction...",12,"2015-04-29 17:59:00.511977","2015-05-10 02:30:31.006406",0,""
176,"畦ヶ丸山",4a80b3e0-6cd8-496c-a4bd-9f10f544906a.jpg,1292,"under construction...",12,"2015-04-29 17:59:00.520035","2015-06-06 13:06:12.278293",0,""
177,"鍋割山",2f01ffee-f275-481c-8b06-dc219de68bcc.JPG,1272,"under construction...",12,"2015-04-29 17:59:00.528519","2015-05-10 02:25:35.379756",0,""
178,"大山",10b85eb8-7449-4170-b3b1-aba49397082b.JPG,1252,"under construction...",12,"2015-04-29 17:59:00.535947","2015-05-10 02:27:16.533059",1,"おおやま"
179,"鶏冠山（黒川山）",,1716,"under construction...",13,"2015-04-29 17:59:00.544678","2015-04-29 17:59:00.544678",0,
180,"大菩薩嶺",b1a768b2-3e15-4198-8fc9-8d1348786f72.jpg,2057,"under construction...",13,"2015-04-29 17:59:00.552185","2015-05-23 04:18:35.731761",1,"だいぼさつれい"
181,"小金沢山",b72e36c3-3e4f-4d0d-bcb8-802329672c41.jpg,2014,"under construction...",13,"2015-04-29 17:59:00.560441","2015-06-06 13:08:54.708168",0,""
182,"源次郎岳",,1477,"under construction...",13,"2015-04-29 17:59:00.568108","2015-04-29 17:59:00.568108",0,
183,"黒岳",5c465a32-d93a-4fa2-9a7c-f20ebc5b6e81.jpg,1988,"under construction...",13,"2015-04-29 17:59:00.580603","2015-06-06 13:13:18.024203",0,"くろだけ"
184,"雁ヶ腹摺山",82e67c52-6150-4a5f-91b7-825016a354e6.jpg,1874,"under construction...",13,"2015-04-29 17:59:00.591314","2015-06-06 13:12:52.007689",0,""
185,"至仏山",756c1b16-8f26-4b1a-a0d1-0ceb3f09fa47.jpg,2228,"群馬県の北東部、みなかみ町と片品村との境界に位置。日本海と太平洋の風の通り道になっているため天候がしばしば悪化する。ホソバヒナウスユキソウをはじめとする高山植物が生育。初心者向け。但し、尾瀬ヶ原から直接登る道は急坂の上に滑りやすく、道も荒れている為注意が必要。 5月上旬～6月下旬頃まで入山禁止になっているため要確認。",14,"2015-04-29 17:59:00.600055","2015-05-02 15:52:13.584160",1,shibutsusan
186,"燧ヶ岳",d775d350-5238-4127-a621-df89370bc856.jpg,2356,"under construction...",14,"2015-04-29 17:59:00.608497","2015-06-06 16:13:30.883587",0,""
187,"帝釈山",,2060,"under construction...",14,"2015-04-29 17:59:00.617088","2015-04-29 17:59:00.617088",0,"たいしゃくざん"
188,"会津駒ヶ岳",3a50e581-fcf3-4cfd-b611-d371ea12cfef.JPG,2133,"under construction...",14,"2015-04-29 17:59:00.624396","2015-06-06 13:20:04.210306",0,""
189,"平ヶ岳",,2141,"under construction...",14,"2015-04-29 17:59:00.632733","2015-04-29 17:59:00.632733",1,
190,"尾瀬ヶ原",4329ea0f-8a89-4be5-a793-9df548f3bec2.jpg,-,"under construction...",14,"2015-04-29 17:59:00.639962","2015-06-06 16:14:39.415357",0,""
191,"仙ノ倉山",66f90d42-a502-4e81-87b8-5dd7aeb66847.JPG,2026,"under construction...",15,"2015-04-29 17:59:00.647884","2015-05-10 02:17:45.518703",0,"せんのくらやま"
192,"平標山",48451723-d569-43d0-88ad-2f9211f9a7a6.JPG,1984,"under construction...",15,"2015-04-29 17:59:00.655950","2015-05-10 02:16:35.359206",0,""
193,"茂倉岳",,1978,"under construction...",15,"2015-04-29 17:59:00.663975","2015-04-29 17:59:00.663975",0,
194,"谷川岳",eef00470-e803-4571-8385-700e46d0d2fd.jpg,1977,"under construction...",15,"2015-04-29 17:59:00.672319","2015-06-06 13:23:54.899647",1,"たにがわだけ"
195,"一ノ倉岳",,1974,"under construction...",15,"2015-04-29 17:59:00.680531","2015-04-29 17:59:00.680531",0,
196,"万太郎山",,1954,"under construction...",15,"2015-04-29 17:59:00.689176","2015-04-29 17:59:00.689176",0,
197,"朝日岳",ac654a19-6eb1-46d1-832d-1203e682f147.jpg,1945,"under construction...",15,"2015-04-29 17:59:00.696306","2015-06-06 13:26:18.229313",0,"あさひだけ"
198,"白毛門",,1720,"under construction...",15,"2015-04-29 17:59:00.704139","2015-04-29 17:59:00.704139",0,
199,"天城山（万三郎岳",d950f341-6a0b-404c-a0a4-ff3dc32430c0.jpg,1405,"under construction...",16,"2015-04-29 17:59:00.712233","2015-06-06 13:30:29.988881",0,""
200,"金時山",6b2e5851-27e6-4a3f-b887-4d05a172dd08.JPG,1212,"under construction...",16,"2015-04-29 17:59:00.720177","2015-05-10 02:04:05.467755",0,"きんときやま"
201,"箱根駒ヶ岳",47446006-5ba0-485c-a917-ba7a394c3be6.JPG,1356,"under construction...",16,"2015-04-29 17:59:00.728615","2015-05-10 02:09:21.341197",0,""
202,"那須岳（茶臼岳）",d84797e8-9838-4a71-a1dd-54553fbc650d.JPG,1915,"under construction...",17,"2015-04-29 17:59:00.735511","2015-05-10 01:53:26.022543",0,""
203,"朝日岳",45dfb404-7d4b-406b-9c3e-163259b9ace7.JPG,1896,"under construction...",17,"2015-04-29 17:59:00.743518","2015-05-10 01:54:18.211718",0,"あさひだけ"
204,"三本槍岳",686bb034-52c5-4054-9be3-e98068cc496e.JPG,1917,"under construction...",17,"2015-04-29 17:59:00.752195","2015-05-10 01:56:40.116361",0,""
205,"男鹿岳",,1777,"under construction...",17,"2015-04-29 17:59:00.760887","2015-04-29 17:59:00.760887",0,"おじかだけ"
206,"二岐山",,1544,"under construction...",17,"2015-04-29 17:59:00.768056","2015-04-29 17:59:00.768056",0,"ふたまたやま"
207,"妙義山",c33a315a-9a5b-47c3-b287-e7b012ced91a.jpg,1104,"under construction...",18,"2015-04-29 17:59:00.776221","2015-05-23 04:30:06.647364",0,"みょうぎさん"
208,"荒船山",823e4231-cca4-4e62-a31e-b28d22b66cba.jpg,1422,"under construction...",18,"2015-04-29 17:59:00.787095","2015-05-23 04:31:32.024823",0,arafuneyama
209,"碓氷峠",35f77b07-6b75-4cdb-ab24-a54956c6259d.jpg,-,"under construction...",18,"2015-04-29 17:59:00.799257","2015-06-06 16:12:11.958676",0,""
